Linear Selection, Bubble Sort Selection
0.0016810894012451172,0.1403210163116455
0.0024917125701904297,0.6052379608154297
0.00557398796081543,1.3645269870758057
0.005377054214477539,2.4209659099578857
0.007274150848388672,3.7879509925842285
